Data estrazione;Emittente;Nome;ISIN;Tipo;Proventi;Scadenza;TER;Rendimento a scadenza;Dati al;Cedola;NAV;Data NAV
24/09/2026;iShares;iShares iBonds Dec 2026 Term € Corp UCITS ETF;IE000SIZJ2B2;Corp;Dist;31/12/2026;0,12;2,75;22/09/2026;;;
24/09/2026;iShares;iShares iBonds Dec 2027 Term € Corp UCITS ETF;IE000ZOI8OK5;Corp;Acc;31/12/2027;0,12;3,25;22/09/2026;;;
24/09/2026;iShares;iShares iBonds Dec 2028 Term € Corp UCITS ETF;IE000264WWY0;Corp;Dist;31/12/2028;0,12;3,65;22/09/2026;;;
24/09/2026;iShares;iShares iBonds Dec 2029 Term € Corp UCITS ETF;IE000IHURBR0;Corp;Dist;31/12/2029;0,12;3,85;22/09/2026;;;
24/09/2026;iShares;iShares iBonds Dec 2030 Term € Corp UCITS ETF;IE000LX17BP9;Corp;Dist;31/12/2030;0,12;4,0;22/09/2026;;;
24/09/2026;iShares;iShares iBonds Dec 2031 Term € Corp UCITS ETF;IE000I2WYEU9;Corp;Dist;31/12/2031;0,12;4,16;22/09/2026;;;
24/09/2026;iShares;iShares iBonds Dec 2032 Term € Corp UCITS ETF;IE0000MR4GH9;Corp;Dist;31/12/2032;0,12;4,22;22/09/2026;;;
24/09/2026;iShares;iShares iBonds Dec 2033 Term € Corp UCITS ETF;IE000E0NL9T3;Corp;Dist;31/12/2033;0,12;4,32;22/09/2026;;;
24/09/2026;iShares;iShares iBonds Dec 2034 Term € Corp UCITS ETF;IE000SBJO6L2;Corp;Dist;31/12/2034;0,12;4,38;22/09/2026;;;
24/09/2026;iShares;iShares iBonds Dec 2035 Term € Corp UCITS ETF;IE000WLR06P0;Corp;Dist;31/12/2035;0,12;4,44;22/09/2026;;;
24/09/2026;iShares;iShares iBonds Dec 2036 Term € Corp UCITS ETF;IE000RQJBQI6;Corp;Dist;31/12/2036;0,12;4,46;22/09/2026;;;
24/09/2026;iShares;iShares iBonds Dec 2037 Term € Corp UCITS ETF;IE000PWSK6H1;Corp;Dist;31/12/2037;0,12;4,45;22/09/2026;;;
24/09/2026;iShares;iShares iBonds Dec 2028 Term € Corp Crossover UCITS ETF;IE0003HV7CS6;Corp;Acc;31/12/2028;0,2;4,11;22/09/2026;;;
24/09/2026;iShares;iShares iBonds Dec 2029 Term € Corp Crossover UCITS ETF;IE000BUSGFL9;Corp;Dist;31/12/2029;0,2;4,79;22/09/2026;;;
24/09/2026;iShares;iShares iBonds Dec 2026 Term € Italy Govt Bond UCITS ETF;IE000LZ7BZW8;Govt;Dist;31/12/2026;0,12;2,67;22/09/2026;;;
24/09/2026;iShares;iShares iBonds Dec 2028 Term € Italy Govt Bond UCITS ETF;IE000Q2EQ5K8;Govt;Dist;31/12/2028;0,12;3,4;22/09/2026;;;
24/09/2026;Amundi;Amundi Fixed Maturity 2027 Italy BTP Government Bond UCITS ETF Dist;LU2780872128;Govt;Dist;31/12/2027;0,09;3,12;21/09/2026;;;
24/09/2026;Amundi;Amundi Fixed Maturity 2027 German Bund Government Bond UCITS ETF Dist;LU2780871823;Govt;Dist;31/12/2027;0,09;2,98;21/09/2026;;;
24/09/2026;Amundi;Amundi Fixed Maturity 2026 Euro Government Bond Broad UCITS ETF Acc;LU2872291278;Govt;Acc;31/12/2026;0,09;2,61;21/09/2026;;;
24/09/2026;Amundi;Amundi Fixed Maturity 2027 Euro Government Bond Broad UCITS ETF Acc;LU2872291435;Govt;Acc;31/12/2027;0,09;3,03;21/09/2026;;;
24/09/2026;Amundi;Amundi Fixed Maturity 2028 Euro Government Bond Broad UCITS ETF Dist;LU2780871401;Govt;Dist;31/12/2028;0,09;3,37;21/09/2026;;;
24/09/2026;Amundi;Amundi Fixed Maturity 2028 Euro Government Bond Broad UCITS ETF Acc;LU2780871310;Govt;Acc;31/12/2028;0,09;3,37;21/09/2026;;;
24/09/2026;Amundi;Amundi Fixed Maturity 2029 Euro Government Bond Broad UCITS ETF Acc;LU2872291781;Govt;Acc;31/12/2029;0,09;3,52;21/09/2026;;;
24/09/2026;Amundi;Amundi Fixed Maturity 2028 Euro Government Bond Yield + UCITS ETF Dist;LU2780871666;Govt;Dist;31/12/2028;0,09;3,41;21/09/2026;;;
24/09/2026;Amundi;Amundi Fixed Maturity 2030 Euro Government Bond Broad UCITS ETF Acc;LU3120976132;Govt;Acc;31/12/2030;0,09;3,59;21/09/2026;;;
24/09/2026;DWS;Xtrackers II Rolling Target Maturity Sept 2027 EUR High Yield UCITS ETF 1D;LU1109939865;Corp;Dist;30/09/2027;0,3;5,37;22/09/2026;;;
24/09/2026;DWS;Xtrackers II Rolling Target Maturity Sept 2027 EUR High Yield UCITS ETF 1C;LU1109941689;Corp;Acc;30/09/2027;0,3;5,37;22/09/2026;;;
24/09/2026;DWS;Xtrackers II Target Maturity Sept 2029 EUR Corporate Bond UCITS ETF 1D;LU2673523309;Corp;Dist;30/09/2029;0,12;3,81;22/09/2026;;;
24/09/2026;DWS;Xtrackers II Target Maturity Sept 2029 EUR Corporate Bond UCITS ETF 1C;LU2673522913;Corp;Acc;30/09/2029;0,12;3,81;22/09/2026;;;
24/09/2026;DWS;Xtrackers II Target Maturity Sept 2031 EUR Corporate Bond UCITS ETF 1C;LU2673523135;Corp;Acc;30/09/2031;0,12;4,13;22/09/2026;;;
24/09/2026;DWS;Xtrackers II Target Maturity Sept 2031 EUR Corporate Bond UCITS ETF 1D;LU2673523481;Corp;Dist;30/09/2031;0,12;4,13;22/09/2026;;;
24/09/2026;DWS;Xtrackers II Target Maturity Sept 2033 EUR Corporate Bond UCITS ETF 1C;LU2673523051;Corp;Acc;30/09/2033;0,12;4,35;22/09/2026;;;
24/09/2026;DWS;Xtrackers II Target Maturity Sept 2033 EUR Corporate Bond UCITS ETF 1D;LU2673523564;Corp;Dist;30/09/2033;0,12;4,35;22/09/2026;;;
24/09/2026;DWS;Xtrackers II Target Maturity Sept 2027 EUR Corporate Bond UCITS ETF 1D;LU2673523218;Corp;Dist;30/09/2027;0,12;3,13;22/09/2026;;;
24/09/2026;DWS;Xtrackers II Target Maturity Sept 2027 EUR Corporate Bond UCITS ETF 1C;LU2673522830;Corp;Acc;30/09/2027;0,12;3,13;22/09/2026;;;
24/09/2026;DWS;Xtrackers II Target Maturity Sept 2028 EUR Corporate Bond UCITS ETF 1D;LU2810185665;Corp;Dist;30/09/2028;0,12;3,61;22/09/2026;;;
24/09/2026;DWS;Xtrackers II Target Maturity Sept 2030 EUR Corporate Bond UCITS ETF 1D;LU2809864296;Corp;Dist;30/09/2030;0,12;4,0;22/09/2026;;;
24/09/2026;DWS;Xtrackers II Target Maturity Sept 2032 EUR Corporate Bond UCITS ETF 1D;LU2809864452;Corp;Dist;30/09/2032;0,12;4,26;22/09/2026;;;
24/09/2026;DWS;Xtrackers II Target Maturity Sept 2035 EUR Corporate Bond UCITS ETF 1D;LU3152892546;Corp;Dist;30/09/2035;0,12;4,46;22/09/2026;;;
24/09/2026;DWS;Xtrackers II Target Maturity Sept 2034 EUR Corporate Bond UCITS ETF 1D;LU2809864619;Corp;Dist;30/09/2034;0,12;4,4;22/09/2026;;;
24/09/2026;DWS;Xtrackers II Target Maturity Sept 2029 Italy and Spain Government Bond UCITS ETF 1C;LU0484969463;Govt;Acc;30/09/2029;0,12;3,43;22/09/2026;;;
24/09/2026;DWS;Xtrackers II Target Maturity Sept 2036 EUR Corporate Bond UCITS ETF 1D;LU3152892629;Corp;Dist;30/09/2036;0,12;4,5;22/09/2026;;;
25/09/2026;iShares;iShares iBonds Dec 2026 Term € Corp UCITS ETF;IE000SIZJ2B2;Corp;Dist;31/12/2026;0,12;2,77;23/09/2026;0,77;;
25/09/2026;iShares;iShares iBonds Dec 2027 Term € Corp UCITS ETF;IE000ZOI8OK5;Corp;Acc;31/12/2027;0,12;3,28;23/09/2026;1,95;;
25/09/2026;iShares;iShares iBonds Dec 2028 Term € Corp UCITS ETF;IE000264WWY0;Corp;Dist;31/12/2028;0,12;3,74;23/09/2026;2,14;;
25/09/2026;iShares;iShares iBonds Dec 2029 Term € Corp UCITS ETF;IE000IHURBR0;Corp;Dist;31/12/2029;0,12;3,95;23/09/2026;2,52;;
25/09/2026;iShares;iShares iBonds Dec 2030 Term € Corp UCITS ETF;IE000LX17BP9;Corp;Dist;31/12/2030;0,12;4,11;23/09/2026;2,79;;
25/09/2026;iShares;iShares iBonds Dec 2031 Term € Corp UCITS ETF;IE000I2WYEU9;Corp;Dist;31/12/2031;0,12;4,27;23/09/2026;2,84;;
25/09/2026;iShares;iShares iBonds Dec 2032 Term € Corp UCITS ETF;IE0000MR4GH9;Corp;Dist;31/12/2032;0,12;4,33;23/09/2026;2,99;;
25/09/2026;iShares;iShares iBonds Dec 2033 Term € Corp UCITS ETF;IE000E0NL9T3;Corp;Dist;31/12/2033;0,12;4,44;23/09/2026;3,33;;
25/09/2026;iShares;iShares iBonds Dec 2034 Term € Corp UCITS ETF;IE000SBJO6L2;Corp;Dist;31/12/2034;0,12;4,48;23/09/2026;3,46;;
25/09/2026;iShares;iShares iBonds Dec 2035 Term € Corp UCITS ETF;IE000WLR06P0;Corp;Dist;31/12/2035;0,12;4,53;23/09/2026;3,64;;
25/09/2026;iShares;iShares iBonds Dec 2036 Term € Corp UCITS ETF;IE000RQJBQI6;Corp;Dist;31/12/2036;0,12;4,55;23/09/2026;3,51;;
25/09/2026;iShares;iShares iBonds Dec 2037 Term € Corp UCITS ETF;IE000PWSK6H1;Corp;Dist;31/12/2037;0,12;4,54;23/09/2026;3,48;;
25/09/2026;iShares;iShares iBonds Dec 2028 Term € Corp Crossover UCITS ETF;IE0003HV7CS6;Corp;Acc;31/12/2028;0,2;4,18;23/09/2026;3,6;;
25/09/2026;iShares;iShares iBonds Dec 2029 Term € Corp Crossover UCITS ETF;IE000BUSGFL9;Corp;Dist;31/12/2029;0,2;4,84;23/09/2026;4,03;;
25/09/2026;iShares;iShares iBonds Dec 2026 Term € Italy Govt Bond UCITS ETF;IE000LZ7BZW8;Govt;Dist;31/12/2026;0,12;2,67;23/09/2026;0,96;;
25/09/2026;iShares;iShares iBonds Dec 2028 Term € Italy Govt Bond UCITS ETF;IE000Q2EQ5K8;Govt;Dist;31/12/2028;0,12;3,52;23/09/2026;2,6;;
25/09/2026;BNP Paribas;BNP PARIBAS EASY ESG ENHANCED EUR CORP BOND DECEMBER 2029 UCITS ETF C;LU2823896811;Corp;Acc;31/12/2029;0,12;3,93;24/09/2026;2,37;;
25/09/2026;BNP Paribas;BNP PARIBAS EASY ESG ENHANCED EUR CORP BOND DECEMBER 2029 UCITS ETF D;LU2823896738;Corp;Dist;31/12/2029;0,12;3,93;24/09/2026;2,37;;
25/09/2026;BNP Paribas;BNP PARIBAS EASY ESG ENHANCED EUR CORP BOND DECEMBER 2032 UCITS ETF C;LU2823895847;Corp;Acc;31/12/2032;0,12;4,31;24/09/2026;2,71;;
25/09/2026;BNP Paribas;BNP PARIBAS EASY ESG ENHANCED EUR CORP BOND DECEMBER 2032 UCITS ETF D;LU2823895763;Corp;Dist;31/12/2032;0,12;4,31;24/09/2026;2,71;;
25/09/2026;Amundi;Amundi Fixed Maturity 2027 Italy BTP Government Bond UCITS ETF Dist;LU2780872128;Govt;Dist;31/12/2027;0,09;3,05;22/09/2026;2,65;;
25/09/2026;Amundi;Amundi Fixed Maturity 2027 German Bund Government Bond UCITS ETF Dist;LU2780871823;Govt;Dist;31/12/2027;0,09;2,93;22/09/2026;1,05;;
25/09/2026;Amundi;Amundi Fixed Maturity 2026 Euro Government Bond Broad UCITS ETF Acc;LU2872291278;Govt;Acc;31/12/2026;0,09;2,59;22/09/2026;0,36;;
25/09/2026;Amundi;Amundi Fixed Maturity 2027 Euro Government Bond Broad UCITS ETF Acc;LU2872291435;Govt;Acc;31/12/2027;0,09;2,98;22/09/2026;1,5;;
25/09/2026;Amundi;Amundi Fixed Maturity 2028 Euro Government Bond Broad UCITS ETF Dist;LU2780871401;Govt;Dist;31/12/2028;0,09;3,28;22/09/2026;1,84;;
25/09/2026;Amundi;Amundi Fixed Maturity 2028 Euro Government Bond Broad UCITS ETF Acc;LU2780871310;Govt;Acc;31/12/2028;0,09;3,28;22/09/2026;1,84;;
25/09/2026;Amundi;Amundi Fixed Maturity 2029 Euro Government Bond Broad UCITS ETF Acc;LU2872291781;Govt;Acc;31/12/2029;0,09;3,41;22/09/2026;2,08;;
25/09/2026;Amundi;Amundi Fixed Maturity 2028 Euro Government Bond Yield + UCITS ETF Dist;LU2780871666;Govt;Dist;31/12/2028;0,09;3,31;22/09/2026;2,3;;
25/09/2026;Amundi;Amundi Fixed Maturity 2030 Euro Government Bond Broad UCITS ETF Acc;LU3120976132;Govt;Acc;31/12/2030;0,09;3,48;22/09/2026;1,69;;
25/09/2026;DWS;Xtrackers II Rolling Target Maturity Sept 2027 EUR High Yield UCITS ETF 1C;LU1109941689;Corp;Acc;30/09/2027;0,3;5,38;23/09/2026;3,1;;
25/09/2026;DWS;Xtrackers II Rolling Target Maturity Sept 2027 EUR High Yield UCITS ETF 1D;LU1109939865;Corp;Dist;30/09/2027;0,3;5,38;23/09/2026;3,1;;
25/09/2026;DWS;Xtrackers II Target Maturity Sept 2029 EUR Corporate Bond UCITS ETF 1C;LU2673522913;Corp;Acc;30/09/2029;0,12;3,91;23/09/2026;2,43;;
25/09/2026;DWS;Xtrackers II Target Maturity Sept 2029 EUR Corporate Bond UCITS ETF 1D;LU2673523309;Corp;Dist;30/09/2029;0,12;3,91;23/09/2026;2,43;;
25/09/2026;DWS;Xtrackers II Target Maturity Sept 2031 EUR Corporate Bond UCITS ETF 1C;LU2673523135;Corp;Acc;30/09/2031;0,12;4,24;23/09/2026;2,87;;
25/09/2026;DWS;Xtrackers II Target Maturity Sept 2031 EUR Corporate Bond UCITS ETF 1D;LU2673523481;Corp;Dist;30/09/2031;0,12;4,24;23/09/2026;2,87;;
25/09/2026;DWS;Xtrackers II Target Maturity Sept 2033 EUR Corporate Bond UCITS ETF 1C;LU2673523051;Corp;Acc;30/09/2033;0,12;4,46;23/09/2026;3,37;;
25/09/2026;DWS;Xtrackers II Target Maturity Sept 2033 EUR Corporate Bond UCITS ETF 1D;LU2673523564;Corp;Dist;30/09/2033;0,12;4,46;23/09/2026;3,37;;
25/09/2026;DWS;Xtrackers II Target Maturity Sept 2027 EUR Corporate Bond UCITS ETF 1D;LU2673523218;Corp;Dist;30/09/2027;0,12;3,15;23/09/2026;1,88;;
25/09/2026;DWS;Xtrackers II Target Maturity Sept 2027 EUR Corporate Bond UCITS ETF 1C;LU2673522830;Corp;Acc;30/09/2027;0,12;3,15;23/09/2026;1,88;;
25/09/2026;DWS;Xtrackers II Target Maturity Sept 2028 EUR Corporate Bond UCITS ETF 1D;LU2810185665;Corp;Dist;30/09/2028;0,12;3,69;23/09/2026;2,06;;
25/09/2026;DWS;Xtrackers II Target Maturity Sept 2030 EUR Corporate Bond UCITS ETF 1D;LU2809864296;Corp;Dist;30/09/2030;0,12;4,11;23/09/2026;2,65;;
25/09/2026;DWS;Xtrackers II Target Maturity Sept 2032 EUR Corporate Bond UCITS ETF 1D;LU2809864452;Corp;Dist;30/09/2032;0,12;4,37;23/09/2026;2,84;;
25/09/2026;DWS;Xtrackers II Target Maturity Sept 2035 EUR Corporate Bond UCITS ETF 1D;LU3152892546;Corp;Dist;30/09/2035;0,12;4,56;23/09/2026;3,66;;
25/09/2026;DWS;Xtrackers II Target Maturity Sept 2034 EUR Corporate Bond UCITS ETF 1D;LU2809864619;Corp;Dist;30/09/2034;0,12;4,51;23/09/2026;3,44;;
25/09/2026;DWS;Xtrackers II Target Maturity Sept 2029 Italy and Spain Government Bond UCITS ETF 1C;LU0484969463;Govt;Acc;30/09/2029;0,12;3,56;23/09/2026;2,97;;
25/09/2026;DWS;Xtrackers II Target Maturity Sept 2036 EUR Corporate Bond UCITS ETF 1D;LU3152892629;Corp;Dist;30/09/2036;0,12;4,6;23/09/2026;3,75;;
25/09/2026;Invesco;Invesco BulletShares 2026 EUR Corporate Bond UCITS ETF Acc;IE0004QWOTD5;Corp;Acc;31/12/2026;0,1;2,93;21/09/2026;1,64;;
25/09/2026;Invesco;Invesco BulletShares 2026 EUR Corporate Bond UCITS ETF Dist;IE000AYJ75E5;Corp;Dist;31/12/2026;0,1;2,93;21/09/2026;1,64;;
25/09/2026;Invesco;Invesco BulletShares 2027 EUR Corporate Bond UCITS ETF Acc;IE000LGHLQ71;Corp;Acc;31/12/2027;0,1;3,26;21/09/2026;1,93;;
25/09/2026;Invesco;Invesco BulletShares 2027 EUR Corporate Bond UCITS ETF Dist;IE000XOS4OJ6;Corp;Dist;31/12/2027;0,1;3,26;21/09/2026;1,93;;
25/09/2026;Invesco;Invesco BulletShares 2028 EUR Corporate Bond UCITS ETF Acc;IE00079EUF59;Corp;Acc;31/12/2028;0,1;3,67;21/09/2026;2,43;;
25/09/2026;Invesco;Invesco BulletShares 2028 EUR Corporate Bond UCITS ETF Dist;IE000LKGEZQ6;Corp;Dist;31/12/2028;0,1;3,67;21/09/2026;2,43;;
25/09/2026;Invesco;Invesco BulletShares 2029 EUR Corporate Bond UCITS ETF Acc;IE000P5IB8I8;Corp;Acc;31/12/2029;0,1;3,84;21/09/2026;2,36;;
25/09/2026;Invesco;Invesco BulletShares 2029 EUR Corporate Bond UCITS ETF Dist;IE000ZC4C5Q1;Corp;Dist;31/12/2029;0,1;3,84;21/09/2026;2,36;;
25/09/2026;Invesco;Invesco BulletShares 2030 EUR Corporate Bond UCITS ETF Acc;IE000I25S1V5;Corp;Acc;31/12/2030;0,1;4,04;21/09/2026;2,84;;
25/09/2026;Invesco;Invesco BulletShares 2030 EUR Corporate Bond UCITS ETF Dist;IE000W6YTDH7;Corp;Dist;31/12/2030;0,1;4,04;21/09/2026;2,84;;
28/09/2026;iShares;iShares iBonds Dec 2026 Term € Corp UCITS ETF;IE000SIZJ2B2;Corp;Dist;31/12/2026;0,12;2,75;25/09/2026;0,7;;
28/09/2026;iShares;iShares iBonds Dec 2027 Term € Corp UCITS ETF;IE000ZOI8OK5;Corp;Acc;31/12/2027;0,12;3,28;25/09/2026;1,95;;
28/09/2026;iShares;iShares iBonds Dec 2028 Term € Corp UCITS ETF;IE000264WWY0;Corp;Dist;31/12/2028;0,12;3,75;25/09/2026;2,14;;
28/09/2026;iShares;iShares iBonds Dec 2029 Term € Corp UCITS ETF;IE000IHURBR0;Corp;Dist;31/12/2029;0,12;3,98;25/09/2026;2,51;;
28/09/2026;iShares;iShares iBonds Dec 2030 Term € Corp UCITS ETF;IE000LX17BP9;Corp;Dist;31/12/2030;0,12;4,15;25/09/2026;2,78;;
28/09/2026;iShares;iShares iBonds Dec 2031 Term € Corp UCITS ETF;IE000I2WYEU9;Corp;Dist;31/12/2031;0,12;4,33;25/09/2026;2,84;;
28/09/2026;iShares;iShares iBonds Dec 2032 Term € Corp UCITS ETF;IE0000MR4GH9;Corp;Dist;31/12/2032;0,12;4,39;25/09/2026;2,99;;
28/09/2026;iShares;iShares iBonds Dec 2033 Term € Corp UCITS ETF;IE000E0NL9T3;Corp;Dist;31/12/2033;0,12;4,51;25/09/2026;3,31;;
28/09/2026;iShares;iShares iBonds Dec 2034 Term € Corp UCITS ETF;IE000SBJO6L2;Corp;Dist;31/12/2034;0,12;4,56;25/09/2026;3,45;;
28/09/2026;iShares;iShares iBonds Dec 2035 Term € Corp UCITS ETF;IE000WLR06P0;Corp;Dist;31/12/2035;0,12;4,64;25/09/2026;3,63;;
28/09/2026;iShares;iShares iBonds Dec 2036 Term € Corp UCITS ETF;IE000RQJBQI6;Corp;Dist;31/12/2036;0,12;4,66;25/09/2026;3,53;;
28/09/2026;iShares;iShares iBonds Dec 2037 Term € Corp UCITS ETF;IE000PWSK6H1;Corp;Dist;31/12/2037;0,12;4,64;25/09/2026;3,48;;
28/09/2026;iShares;iShares iBonds Dec 2028 Term € Corp Crossover UCITS ETF;IE0003HV7CS6;Corp;Acc;31/12/2028;0,2;4,32;25/09/2026;3,33;;
28/09/2026;iShares;iShares iBonds Dec 2029 Term € Corp Crossover UCITS ETF;IE000BUSGFL9;Corp;Dist;31/12/2029;0,2;4,95;25/09/2026;3,92;;
28/09/2026;iShares;iShares iBonds Dec 2026 Term € Italy Govt Bond UCITS ETF;IE000LZ7BZW8;Govt;Dist;31/12/2026;0,12;2,65;25/09/2026;0,95;;
28/09/2026;iShares;iShares iBonds Dec 2028 Term € Italy Govt Bond UCITS ETF;IE000Q2EQ5K8;Govt;Dist;31/12/2028;0,12;3,5;25/09/2026;2,59;;
28/09/2026;BNP Paribas;BNP PARIBAS EASY ESG ENHANCED EUR CORP BOND DECEMBER 2029 UCITS ETF C;LU2823896811;Corp;Acc;31/12/2029;0,12;3,9;25/09/2026;2,37;;
28/09/2026;BNP Paribas;BNP PARIBAS EASY ESG ENHANCED EUR CORP BOND DECEMBER 2029 UCITS ETF D;LU2823896738;Corp;Dist;31/12/2029;0,12;3,9;25/09/2026;2,37;;
28/09/2026;BNP Paribas;BNP PARIBAS EASY ESG ENHANCED EUR CORP BOND DECEMBER 2032 UCITS ETF C;LU2823895847;Corp;Acc;31/12/2032;0,12;4,3;25/09/2026;2,71;;
28/09/2026;BNP Paribas;BNP PARIBAS EASY ESG ENHANCED EUR CORP BOND DECEMBER 2032 UCITS ETF D;LU2823895763;Corp;Dist;31/12/2032;0,12;4,3;25/09/2026;2,71;;
28/09/2026;Amundi;Amundi Fixed Maturity 2027 Italy BTP Government Bond UCITS ETF Dist;LU2780872128;Govt;Dist;31/12/2027;0,09;3,06;23/09/2026;2,65;;
28/09/2026;Amundi;Amundi Fixed Maturity 2027 German Bund Government Bond UCITS ETF Dist;LU2780871823;Govt;Dist;31/12/2027;0,09;2,93;23/09/2026;1,05;;
28/09/2026;Amundi;Amundi Fixed Maturity 2026 Euro Government Bond Broad UCITS ETF Acc;LU2872291278;Govt;Acc;31/12/2026;0,09;2,58;23/09/2026;0,36;;
28/09/2026;Amundi;Amundi Fixed Maturity 2027 Euro Government Bond Broad UCITS ETF Acc;LU2872291435;Govt;Acc;31/12/2027;0,09;2,98;23/09/2026;1,5;;
28/09/2026;Amundi;Amundi Fixed Maturity 2028 Euro Government Bond Broad UCITS ETF Dist;LU2780871401;Govt;Dist;31/12/2028;0,09;3,28;23/09/2026;1,84;;
28/09/2026;Amundi;Amundi Fixed Maturity 2028 Euro Government Bond Broad UCITS ETF Acc;LU2780871310;Govt;Acc;31/12/2028;0,09;3,28;23/09/2026;1,84;;
28/09/2026;Amundi;Amundi Fixed Maturity 2029 Euro Government Bond Broad UCITS ETF Acc;LU2872291781;Govt;Acc;31/12/2029;0,09;3,42;23/09/2026;2,08;;
28/09/2026;Amundi;Amundi Fixed Maturity 2028 Euro Government Bond Yield + UCITS ETF Dist;LU2780871666;Govt;Dist;31/12/2028;0,09;3,32;23/09/2026;2,3;;
28/09/2026;Amundi;Amundi Fixed Maturity 2030 Euro Government Bond Broad UCITS ETF Acc;LU3120976132;Govt;Acc;31/12/2030;0,09;3,49;23/09/2026;1,69;;
28/09/2026;DWS;Xtrackers II Rolling Target Maturity Sept 2027 EUR High Yield UCITS ETF 1C;LU1109941689;Corp;Acc;30/09/2027;0,3;5,71;25/09/2026;3,06;;
28/09/2026;DWS;Xtrackers II Rolling Target Maturity Sept 2027 EUR High Yield UCITS ETF 1D;LU1109939865;Corp;Dist;30/09/2027;0,3;5,71;25/09/2026;3,06;;
28/09/2026;DWS;Xtrackers II Target Maturity Sept 2029 EUR Corporate Bond UCITS ETF 1D;LU2673523309;Corp;Dist;30/09/2029;0,12;3,93;25/09/2026;2,43;;
28/09/2026;DWS;Xtrackers II Target Maturity Sept 2029 EUR Corporate Bond UCITS ETF 1C;LU2673522913;Corp;Acc;30/09/2029;0,12;3,93;25/09/2026;2,43;;
28/09/2026;DWS;Xtrackers II Target Maturity Sept 2031 EUR Corporate Bond UCITS ETF 1D;LU2673523481;Corp;Dist;30/09/2031;0,12;4,29;25/09/2026;2,88;;
28/09/2026;DWS;Xtrackers II Target Maturity Sept 2031 EUR Corporate Bond UCITS ETF 1C;LU2673523135;Corp;Acc;30/09/2031;0,12;4,29;25/09/2026;2,88;;
28/09/2026;DWS;Xtrackers II Target Maturity Sept 2033 EUR Corporate Bond UCITS ETF 1C;LU2673523051;Corp;Acc;30/09/2033;0,12;4,54;25/09/2026;3,38;;
28/09/2026;DWS;Xtrackers II Target Maturity Sept 2033 EUR Corporate Bond UCITS ETF 1D;LU2673523564;Corp;Dist;30/09/2033;0,12;4,54;25/09/2026;3,38;;
28/09/2026;DWS;Xtrackers II Target Maturity Sept 2027 EUR Corporate Bond UCITS ETF 1D;LU2673523218;Corp;Dist;30/09/2027;0,12;3,15;25/09/2026;1,88;;
28/09/2026;DWS;Xtrackers II Target Maturity Sept 2027 EUR Corporate Bond UCITS ETF 1C;LU2673522830;Corp;Acc;30/09/2027;0,12;3,15;25/09/2026;1,88;;
28/09/2026;DWS;Xtrackers II Target Maturity Sept 2028 EUR Corporate Bond UCITS ETF 1D;LU2810185665;Corp;Dist;30/09/2028;0,12;3,7;25/09/2026;2,06;;
28/09/2026;DWS;Xtrackers II Target Maturity Sept 2030 EUR Corporate Bond UCITS ETF 1D;LU2809864296;Corp;Dist;30/09/2030;0,12;4,14;25/09/2026;2,64;;
28/09/2026;DWS;Xtrackers II Target Maturity Sept 2032 EUR Corporate Bond UCITS ETF 1D;LU2809864452;Corp;Dist;30/09/2032;0,12;4,44;25/09/2026;2,84;;
28/09/2026;DWS;Xtrackers II Target Maturity Sept 2035 EUR Corporate Bond UCITS ETF 1D;LU3152892546;Corp;Dist;30/09/2035;0,12;4,66;25/09/2026;3,66;;
28/09/2026;DWS;Xtrackers II Target Maturity Sept 2034 EUR Corporate Bond UCITS ETF 1D;LU2809864619;Corp;Dist;30/09/2034;0,12;4,59;25/09/2026;3,44;;
28/09/2026;DWS;Xtrackers II Target Maturity Sept 2029 Italy and Spain Government Bond UCITS ETF 1C;LU0484969463;Govt;Acc;30/09/2029;0,12;3,56;25/09/2026;2,97;;
28/09/2026;DWS;Xtrackers II Target Maturity Sept 2036 EUR Corporate Bond UCITS ETF 1D;LU3152892629;Corp;Dist;30/09/2036;0,12;4,7;25/09/2026;3,75;;
28/09/2026;Invesco;Invesco BulletShares 2026 EUR Corporate Bond UCITS ETF Acc;IE0004QWOTD5;Corp;Acc;31/12/2026;0,1;2,93;21/09/2026;1,64;;
28/09/2026;Invesco;Invesco BulletShares 2026 EUR Corporate Bond UCITS ETF Dist;IE000AYJ75E5;Corp;Dist;31/12/2026;0,1;2,93;21/09/2026;1,64;;
28/09/2026;Invesco;Invesco BulletShares 2027 EUR Corporate Bond UCITS ETF Acc;IE000LGHLQ71;Corp;Acc;31/12/2027;0,1;3,26;21/09/2026;1,93;;
28/09/2026;Invesco;Invesco BulletShares 2027 EUR Corporate Bond UCITS ETF Dist;IE000XOS4OJ6;Corp;Dist;31/12/2027;0,1;3,26;21/09/2026;1,93;;
28/09/2026;Invesco;Invesco BulletShares 2028 EUR Corporate Bond UCITS ETF Acc;IE00079EUF59;Corp;Acc;31/12/2028;0,1;3,67;21/09/2026;2,43;;
28/09/2026;Invesco;Invesco BulletShares 2028 EUR Corporate Bond UCITS ETF Dist;IE000LKGEZQ6;Corp;Dist;31/12/2028;0,1;3,67;21/09/2026;2,43;;
28/09/2026;Invesco;Invesco BulletShares 2029 EUR Corporate Bond UCITS ETF Acc;IE000P5IB8I8;Corp;Acc;31/12/2029;0,1;3,84;21/09/2026;2,36;;
28/09/2026;Invesco;Invesco BulletShares 2029 EUR Corporate Bond UCITS ETF Dist;IE000ZC4C5Q1;Corp;Dist;31/12/2029;0,1;3,84;21/09/2026;2,36;;
28/09/2026;Invesco;Invesco BulletShares 2030 EUR Corporate Bond UCITS ETF Acc;IE000I25S1V5;Corp;Acc;31/12/2030;0,1;4,04;21/09/2026;2,84;;
28/09/2026;Invesco;Invesco BulletShares 2030 EUR Corporate Bond UCITS ETF Dist;IE000W6YTDH7;Corp;Dist;31/12/2030;0,1;4,04;21/09/2026;2,84;;
29/09/2026;iShares;iShares iBonds Dec 2026 Term € Corp UCITS ETF;IE000SIZJ2B2;Corp;Dist;31/12/2026;0,12;2,75;25/09/2026;0,7;;
29/09/2026;iShares;iShares iBonds Dec 2027 Term € Corp UCITS ETF;IE000ZOI8OK5;Corp;Acc;31/12/2027;0,12;3,28;25/09/2026;1,95;;
29/09/2026;iShares;iShares iBonds Dec 2028 Term € Corp UCITS ETF;IE000264WWY0;Corp;Dist;31/12/2028;0,12;3,75;25/09/2026;2,14;;
29/09/2026;iShares;iShares iBonds Dec 2029 Term € Corp UCITS ETF;IE000IHURBR0;Corp;Dist;31/12/2029;0,12;3,98;25/09/2026;2,51;;
29/09/2026;iShares;iShares iBonds Dec 2030 Term € Corp UCITS ETF;IE000LX17BP9;Corp;Dist;31/12/2030;0,12;4,15;25/09/2026;2,78;;
29/09/2026;iShares;iShares iBonds Dec 2031 Term € Corp UCITS ETF;IE000I2WYEU9;Corp;Dist;31/12/2031;0,12;4,33;25/09/2026;2,84;;
29/09/2026;iShares;iShares iBonds Dec 2032 Term € Corp UCITS ETF;IE0000MR4GH9;Corp;Dist;31/12/2032;0,12;4,39;25/09/2026;2,99;;
29/09/2026;iShares;iShares iBonds Dec 2033 Term € Corp UCITS ETF;IE000E0NL9T3;Corp;Dist;31/12/2033;0,12;4,51;25/09/2026;3,31;;
29/09/2026;iShares;iShares iBonds Dec 2034 Term € Corp UCITS ETF;IE000SBJO6L2;Corp;Dist;31/12/2034;0,12;4,56;25/09/2026;3,45;;
29/09/2026;iShares;iShares iBonds Dec 2035 Term € Corp UCITS ETF;IE000WLR06P0;Corp;Dist;31/12/2035;0,12;4,64;25/09/2026;3,63;;
29/09/2026;iShares;iShares iBonds Dec 2036 Term € Corp UCITS ETF;IE000RQJBQI6;Corp;Dist;31/12/2036;0,12;4,66;25/09/2026;3,53;;
29/09/2026;iShares;iShares iBonds Dec 2037 Term € Corp UCITS ETF;IE000PWSK6H1;Corp;Dist;31/12/2037;0,12;4,64;25/09/2026;3,48;;
29/09/2026;iShares;iShares iBonds Dec 2028 Term € Corp Crossover UCITS ETF;IE0003HV7CS6;Corp;Acc;31/12/2028;0,2;4,32;25/09/2026;3,33;;
29/09/2026;iShares;iShares iBonds Dec 2029 Term € Corp Crossover UCITS ETF;IE000BUSGFL9;Corp;Dist;31/12/2029;0,2;4,95;25/09/2026;3,92;;
29/09/2026;iShares;iShares iBonds Dec 2026 Term € Italy Govt Bond UCITS ETF;IE000LZ7BZW8;Govt;Dist;31/12/2026;0,12;2,65;25/09/2026;0,95;;
29/09/2026;iShares;iShares iBonds Dec 2028 Term € Italy Govt Bond UCITS ETF;IE000Q2EQ5K8;Govt;Dist;31/12/2028;0,12;3,5;25/09/2026;2,59;;
29/09/2026;BNP Paribas;BNP PARIBAS EASY ESG ENHANCED EUR CORP BOND DECEMBER 2029 UCITS ETF C;LU2823896811;Corp;Acc;31/12/2029;0,12;3,9;25/09/2026;2,37;;
29/09/2026;BNP Paribas;BNP PARIBAS EASY ESG ENHANCED EUR CORP BOND DECEMBER 2029 UCITS ETF D;LU2823896738;Corp;Dist;31/12/2029;0,12;3,9;25/09/2026;2,37;;
29/09/2026;BNP Paribas;BNP PARIBAS EASY ESG ENHANCED EUR CORP BOND DECEMBER 2032 UCITS ETF C;LU2823895847;Corp;Acc;31/12/2032;0,12;4,3;25/09/2026;2,71;;
29/09/2026;BNP Paribas;BNP PARIBAS EASY ESG ENHANCED EUR CORP BOND DECEMBER 2032 UCITS ETF D;LU2823895763;Corp;Dist;31/12/2032;0,12;4,3;25/09/2026;2,71;;
29/09/2026;Amundi;Amundi Fixed Maturity 2027 Italy BTP Government Bond UCITS ETF Dist;LU2780872128;Govt;Dist;31/12/2027;0,09;3,12;24/09/2026;2,65;;
29/09/2026;Amundi;Amundi Fixed Maturity 2027 German Bund Government Bond UCITS ETF Dist;LU2780871823;Govt;Dist;31/12/2027;0,09;2,99;24/09/2026;1,05;;
29/09/2026;Amundi;Amundi Fixed Maturity 2026 Euro Government Bond Broad UCITS ETF Acc;LU2872291278;Govt;Acc;31/12/2026;0,09;2,74;24/09/2026;0,36;;
29/09/2026;Amundi;Amundi Fixed Maturity 2027 Euro Government Bond Broad UCITS ETF Acc;LU2872291435;Govt;Acc;31/12/2027;0,09;3,05;24/09/2026;1,5;;
29/09/2026;Amundi;Amundi Fixed Maturity 2028 Euro Government Bond Broad UCITS ETF Dist;LU2780871401;Govt;Dist;31/12/2028;0,09;3,39;24/09/2026;1,84;;
29/09/2026;Amundi;Amundi Fixed Maturity 2028 Euro Government Bond Broad UCITS ETF Acc;LU2780871310;Govt;Acc;31/12/2028;0,09;3,39;24/09/2026;1,84;;
29/09/2026;Amundi;Amundi Fixed Maturity 2029 Euro Government Bond Broad UCITS ETF Acc;LU2872291781;Govt;Acc;31/12/2029;0,09;3,55;24/09/2026;2,08;;
29/09/2026;Amundi;Amundi Fixed Maturity 2028 Euro Government Bond Yield + UCITS ETF Dist;LU2780871666;Govt;Dist;31/12/2028;0,09;3,43;24/09/2026;2,3;;
29/09/2026;Amundi;Amundi Fixed Maturity 2030 Euro Government Bond Broad UCITS ETF Acc;LU3120976132;Govt;Acc;31/12/2030;0,09;3,62;24/09/2026;1,69;;
29/09/2026;DWS;Xtrackers II Rolling Target Maturity Sept 2027 EUR High Yield UCITS ETF 1C;LU1109941689;Corp;Acc;30/09/2027;0,3;5,71;25/09/2026;3,06;;
29/09/2026;DWS;Xtrackers II Rolling Target Maturity Sept 2027 EUR High Yield UCITS ETF 1D;LU1109939865;Corp;Dist;30/09/2027;0,3;5,71;25/09/2026;3,06;;
29/09/2026;DWS;Xtrackers II Target Maturity Sept 2029 EUR Corporate Bond UCITS ETF 1D;LU2673523309;Corp;Dist;30/09/2029;0,12;3,93;25/09/2026;2,43;;
29/09/2026;DWS;Xtrackers II Target Maturity Sept 2029 EUR Corporate Bond UCITS ETF 1C;LU2673522913;Corp;Acc;30/09/2029;0,12;3,93;25/09/2026;2,43;;
29/09/2026;DWS;Xtrackers II Target Maturity Sept 2031 EUR Corporate Bond UCITS ETF 1D;LU2673523481;Corp;Dist;30/09/2031;0,12;4,29;25/09/2026;2,88;;
29/09/2026;DWS;Xtrackers II Target Maturity Sept 2031 EUR Corporate Bond UCITS ETF 1C;LU2673523135;Corp;Acc;30/09/2031;0,12;4,29;25/09/2026;2,88;;
29/09/2026;DWS;Xtrackers II Target Maturity Sept 2033 EUR Corporate Bond UCITS ETF 1D;LU2673523564;Corp;Dist;30/09/2033;0,12;4,54;25/09/2026;3,38;;
29/09/2026;DWS;Xtrackers II Target Maturity Sept 2033 EUR Corporate Bond UCITS ETF 1C;LU2673523051;Corp;Acc;30/09/2033;0,12;4,54;25/09/2026;3,38;;
29/09/2026;DWS;Xtrackers II Target Maturity Sept 2027 EUR Corporate Bond UCITS ETF 1C;LU2673522830;Corp;Acc;30/09/2027;0,12;3,15;25/09/2026;1,88;;
29/09/2026;DWS;Xtrackers II Target Maturity Sept 2027 EUR Corporate Bond UCITS ETF 1D;LU2673523218;Corp;Dist;30/09/2027;0,12;3,15;25/09/2026;1,88;;
29/09/2026;DWS;Xtrackers II Target Maturity Sept 2028 EUR Corporate Bond UCITS ETF 1D;LU2810185665;Corp;Dist;30/09/2028;0,12;3,7;25/09/2026;2,06;;
29/09/2026;DWS;Xtrackers II Target Maturity Sept 2030 EUR Corporate Bond UCITS ETF 1D;LU2809864296;Corp;Dist;30/09/2030;0,12;4,14;25/09/2026;2,64;;
29/09/2026;DWS;Xtrackers II Target Maturity Sept 2032 EUR Corporate Bond UCITS ETF 1D;LU2809864452;Corp;Dist;30/09/2032;0,12;4,44;25/09/2026;2,84;;
29/09/2026;DWS;Xtrackers II Target Maturity Sept 2035 EUR Corporate Bond UCITS ETF 1D;LU3152892546;Corp;Dist;30/09/2035;0,12;4,66;25/09/2026;3,66;;
29/09/2026;DWS;Xtrackers II Target Maturity Sept 2034 EUR Corporate Bond UCITS ETF 1D;LU2809864619;Corp;Dist;30/09/2034;0,12;4,59;25/09/2026;3,44;;
29/09/2026;DWS;Xtrackers II Target Maturity Sept 2029 Italy and Spain Government Bond UCITS ETF 1C;LU0484969463;Govt;Acc;30/09/2029;0,12;3,56;25/09/2026;2,97;;
29/09/2026;DWS;Xtrackers II Target Maturity Sept 2036 EUR Corporate Bond UCITS ETF 1D;LU3152892629;Corp;Dist;30/09/2036;0,12;4,7;25/09/2026;3,75;;
29/09/2026;Invesco;Invesco BulletShares 2026 EUR Corporate Bond UCITS ETF Acc;IE0004QWOTD5;Corp;Acc;31/12/2026;0,1;2,93;21/09/2026;1,64;;
29/09/2026;Invesco;Invesco BulletShares 2026 EUR Corporate Bond UCITS ETF Dist;IE000AYJ75E5;Corp;Dist;31/12/2026;0,1;2,93;21/09/2026;1,64;;
29/09/2026;Invesco;Invesco BulletShares 2027 EUR Corporate Bond UCITS ETF Acc;IE000LGHLQ71;Corp;Acc;31/12/2027;0,1;3,26;21/09/2026;1,93;;
29/09/2026;Invesco;Invesco BulletShares 2027 EUR Corporate Bond UCITS ETF Dist;IE000XOS4OJ6;Corp;Dist;31/12/2027;0,1;3,26;21/09/2026;1,93;;
29/09/2026;Invesco;Invesco BulletShares 2028 EUR Corporate Bond UCITS ETF Acc;IE00079EUF59;Corp;Acc;31/12/2028;0,1;3,67;21/09/2026;2,43;;
29/09/2026;Invesco;Invesco BulletShares 2028 EUR Corporate Bond UCITS ETF Dist;IE000LKGEZQ6;Corp;Dist;31/12/2028;0,1;3,67;21/09/2026;2,43;;
29/09/2026;Invesco;Invesco BulletShares 2029 EUR Corporate Bond UCITS ETF Acc;IE000P5IB8I8;Corp;Acc;31/12/2029;0,1;3,84;21/09/2026;2,36;;
29/09/2026;Invesco;Invesco BulletShares 2029 EUR Corporate Bond UCITS ETF Dist;IE000ZC4C5Q1;Corp;Dist;31/12/2029;0,1;3,84;21/09/2026;2,36;;
29/09/2026;Invesco;Invesco BulletShares 2030 EUR Corporate Bond UCITS ETF Acc;IE000I25S1V5;Corp;Acc;31/12/2030;0,1;4,04;21/09/2026;2,84;;
29/09/2026;Invesco;Invesco BulletShares 2030 EUR Corporate Bond UCITS ETF Dist;IE000W6YTDH7;Corp;Dist;31/12/2030;0,1;4,04;21/09/2026;2,84;;
30/09/2026;iShares;iShares iBonds Dec 2026 Term € Corp UCITS ETF;IE000SIZJ2B2;Corp;Dist;31/12/2026;0,12;2,77;28/09/2026;0,59;;
30/09/2026;iShares;iShares iBonds Dec 2027 Term € Corp UCITS ETF;IE000ZOI8OK5;Corp;Acc;31/12/2027;0,12;3,31;28/09/2026;1,95;;
30/09/2026;iShares;iShares iBonds Dec 2028 Term € Corp UCITS ETF;IE000264WWY0;Corp;Dist;31/12/2028;0,12;3,79;28/09/2026;2,14;;
30/09/2026;iShares;iShares iBonds Dec 2029 Term € Corp UCITS ETF;IE000IHURBR0;Corp;Dist;31/12/2029;0,12;4,01;28/09/2026;2,51;;
30/09/2026;iShares;iShares iBonds Dec 2030 Term € Corp UCITS ETF;IE000LX17BP9;Corp;Dist;31/12/2030;0,12;4,2;28/09/2026;2,78;;
30/09/2026;iShares;iShares iBonds Dec 2031 Term € Corp UCITS ETF;IE000I2WYEU9;Corp;Dist;31/12/2031;0,12;4,37;28/09/2026;2,84;;
30/09/2026;iShares;iShares iBonds Dec 2032 Term € Corp UCITS ETF;IE0000MR4GH9;Corp;Dist;31/12/2032;0,12;4,43;28/09/2026;3,04;;
30/09/2026;iShares;iShares iBonds Dec 2033 Term € Corp UCITS ETF;IE000E0NL9T3;Corp;Dist;31/12/2033;0,12;4,54;28/09/2026;3,31;;
30/09/2026;iShares;iShares iBonds Dec 2034 Term € Corp UCITS ETF;IE000SBJO6L2;Corp;Dist;31/12/2034;0,12;4,6;28/09/2026;3,45;;
30/09/2026;iShares;iShares iBonds Dec 2035 Term € Corp UCITS ETF;IE000WLR06P0;Corp;Dist;31/12/2035;0,12;4,68;28/09/2026;3,63;;
30/09/2026;iShares;iShares iBonds Dec 2036 Term € Corp UCITS ETF;IE000RQJBQI6;Corp;Dist;31/12/2036;0,12;4,7;28/09/2026;3,53;;
30/09/2026;iShares;iShares iBonds Dec 2037 Term € Corp UCITS ETF;IE000PWSK6H1;Corp;Dist;31/12/2037;0,12;4,68;28/09/2026;3,48;;
30/09/2026;iShares;iShares iBonds Dec 2028 Term € Corp Crossover UCITS ETF;IE0003HV7CS6;Corp;Acc;31/12/2028;0,2;4,42;28/09/2026;3,39;;
30/09/2026;iShares;iShares iBonds Dec 2029 Term € Corp Crossover UCITS ETF;IE000BUSGFL9;Corp;Dist;31/12/2029;0,2;5,03;28/09/2026;3,92;;
30/09/2026;iShares;iShares iBonds Dec 2026 Term € Italy Govt Bond UCITS ETF;IE000LZ7BZW8;Govt;Dist;31/12/2026;0,12;2,66;28/09/2026;0,95;;
30/09/2026;iShares;iShares iBonds Dec 2028 Term € Italy Govt Bond UCITS ETF;IE000Q2EQ5K8;Govt;Dist;31/12/2028;0,12;3,51;28/09/2026;2,59;;
30/09/2026;BNP Paribas;BNP PARIBAS EASY ESG ENHANCED EUR CORP BOND DECEMBER 2029 UCITS ETF C;LU2823896811;Corp;Acc;31/12/2029;0,12;3,95;28/09/2026;2,37;;
30/09/2026;BNP Paribas;BNP PARIBAS EASY ESG ENHANCED EUR CORP BOND DECEMBER 2029 UCITS ETF D;LU2823896738;Corp;Dist;31/12/2029;0,12;3,95;28/09/2026;2,37;;
30/09/2026;BNP Paribas;BNP PARIBAS EASY ESG ENHANCED EUR CORP BOND DECEMBER 2032 UCITS ETF C;LU2823895847;Corp;Acc;31/12/2032;0,12;4,35;28/09/2026;2,71;;
30/09/2026;BNP Paribas;BNP PARIBAS EASY ESG ENHANCED EUR CORP BOND DECEMBER 2032 UCITS ETF D;LU2823895763;Corp;Dist;31/12/2032;0,12;4,35;28/09/2026;2,71;;
30/09/2026;Amundi;Amundi Fixed Maturity 2027 Italy BTP Government Bond UCITS ETF Dist;LU2780872128;Govt;Dist;31/12/2027;0,09;3,12;25/09/2026;2,65;;
30/09/2026;Amundi;Amundi Fixed Maturity 2027 German Bund Government Bond UCITS ETF Dist;LU2780871823;Govt;Dist;31/12/2027;0,09;2,99;25/09/2026;1,05;;
30/09/2026;Amundi;Amundi Fixed Maturity 2026 Euro Government Bond Broad UCITS ETF Acc;LU2872291278;Govt;Acc;31/12/2026;0,09;2,49;25/09/2026;0,36;;
30/09/2026;Amundi;Amundi Fixed Maturity 2027 Euro Government Bond Broad UCITS ETF Acc;LU2872291435;Govt;Acc;31/12/2027;0,09;3,04;25/09/2026;1,5;;
30/09/2026;Amundi;Amundi Fixed Maturity 2028 Euro Government Bond Broad UCITS ETF Dist;LU2780871401;Govt;Dist;31/12/2028;0,09;3,41;25/09/2026;1,84;;
30/09/2026;Amundi;Amundi Fixed Maturity 2028 Euro Government Bond Broad UCITS ETF Acc;LU2780871310;Govt;Acc;31/12/2028;0,09;3,41;25/09/2026;1,84;;
30/09/2026;Amundi;Amundi Fixed Maturity 2029 Euro Government Bond Broad UCITS ETF Acc;LU2872291781;Govt;Acc;31/12/2029;0,09;3,58;25/09/2026;2,08;;
30/09/2026;Amundi;Amundi Fixed Maturity 2028 Euro Government Bond Yield + UCITS ETF Dist;LU2780871666;Govt;Dist;31/12/2028;0,09;3,46;25/09/2026;2,3;;
30/09/2026;Amundi;Amundi Fixed Maturity 2030 Euro Government Bond Broad UCITS ETF Acc;LU3120976132;Govt;Acc;31/12/2030;0,09;3,66;25/09/2026;1,69;;
30/09/2026;DWS;Xtrackers II Rolling Target Maturity Sept 2027 EUR High Yield UCITS ETF 1C;LU1109941689;Corp;Acc;30/09/2027;0,3;2,62;28/09/2026;4,75;;
30/09/2026;DWS;Xtrackers II Rolling Target Maturity Sept 2027 EUR High Yield UCITS ETF 1D;LU1109939865;Corp;Dist;30/09/2027;0,3;2,62;28/09/2026;4,75;;
30/09/2026;DWS;Xtrackers II Target Maturity Sept 2029 EUR Corporate Bond UCITS ETF 1C;LU2673522913;Corp;Acc;30/09/2029;0,12;3,76;28/09/2026;2,58;;
30/09/2026;DWS;Xtrackers II Target Maturity Sept 2029 EUR Corporate Bond UCITS ETF 1D;LU2673523309;Corp;Dist;30/09/2029;0,12;3,76;28/09/2026;2,58;;
30/09/2026;DWS;Xtrackers II Target Maturity Sept 2031 EUR Corporate Bond UCITS ETF 1C;LU2673523135;Corp;Acc;30/09/2031;0,12;4,24;28/09/2026;2,82;;
30/09/2026;DWS;Xtrackers II Target Maturity Sept 2031 EUR Corporate Bond UCITS ETF 1D;LU2673523481;Corp;Dist;30/09/2031;0,12;4,24;28/09/2026;2,82;;
30/09/2026;DWS;Xtrackers II Target Maturity Sept 2033 EUR Corporate Bond UCITS ETF 1D;LU2673523564;Corp;Dist;30/09/2033;0,12;4,13;28/09/2026;3,73;;
30/09/2026;DWS;Xtrackers II Target Maturity Sept 2033 EUR Corporate Bond UCITS ETF 1C;LU2673523051;Corp;Acc;30/09/2033;0,12;4,13;28/09/2026;3,73;;
30/09/2026;DWS;Xtrackers II Target Maturity Sept 2027 EUR Corporate Bond UCITS ETF 1C;LU2673522830;Corp;Acc;30/09/2027;0,12;3,09;28/09/2026;1,56;;
30/09/2026;DWS;Xtrackers II Target Maturity Sept 2027 EUR Corporate Bond UCITS ETF 1D;LU2673523218;Corp;Dist;30/09/2027;0,12;3,09;28/09/2026;1,56;;
30/09/2026;DWS;Xtrackers II Target Maturity Sept 2028 EUR Corporate Bond UCITS ETF 1D;LU2810185665;Corp;Dist;30/09/2028;0,12;3,66;28/09/2026;2,72;;
30/09/2026;DWS;Xtrackers II Target Maturity Sept 2030 EUR Corporate Bond UCITS ETF 1D;LU2809864296;Corp;Dist;30/09/2030;0,12;4,02;28/09/2026;2,26;;
30/09/2026;DWS;Xtrackers II Target Maturity Sept 2032 EUR Corporate Bond UCITS ETF 1D;LU2809864452;Corp;Dist;30/09/2032;0,12;4,33;28/09/2026;3,07;;
30/09/2026;DWS;Xtrackers II Target Maturity Sept 2035 EUR Corporate Bond UCITS ETF 1D;LU3152892546;Corp;Dist;30/09/2035;0,12;4,54;28/09/2026;3,88;;
30/09/2026;DWS;Xtrackers II Target Maturity Sept 2034 EUR Corporate Bond UCITS ETF 1D;LU2809864619;Corp;Dist;30/09/2034;0,12;4,42;28/09/2026;3,27;;
30/09/2026;DWS;Xtrackers II Target Maturity Sept 2029 Italy and Spain Government Bond UCITS ETF 1C;LU0484969463;Govt;Acc;30/09/2029;0,12;3,58;28/09/2026;2,97;;
30/09/2026;DWS;Xtrackers II Target Maturity Sept 2036 EUR Corporate Bond UCITS ETF 1D;LU3152892629;Corp;Dist;30/09/2036;0,12;4,29;28/09/2026;3,74;;
30/09/2026;Invesco;Invesco BulletShares 2026 EUR Corporate Bond UCITS ETF Acc;IE0004QWOTD5;Corp;Acc;31/12/2026;0,1;2,93;21/09/2026;1,64;;
30/09/2026;Invesco;Invesco BulletShares 2026 EUR Corporate Bond UCITS ETF Dist;IE000AYJ75E5;Corp;Dist;31/12/2026;0,1;2,93;21/09/2026;1,64;;
30/09/2026;Invesco;Invesco BulletShares 2027 EUR Corporate Bond UCITS ETF Acc;IE000LGHLQ71;Corp;Acc;31/12/2027;0,1;3,26;21/09/2026;1,93;;
30/09/2026;Invesco;Invesco BulletShares 2027 EUR Corporate Bond UCITS ETF Dist;IE000XOS4OJ6;Corp;Dist;31/12/2027;0,1;3,26;21/09/2026;1,93;;
30/09/2026;Invesco;Invesco BulletShares 2028 EUR Corporate Bond UCITS ETF Acc;IE00079EUF59;Corp;Acc;31/12/2028;0,1;3,67;21/09/2026;2,43;;
30/09/2026;Invesco;Invesco BulletShares 2028 EUR Corporate Bond UCITS ETF Dist;IE000LKGEZQ6;Corp;Dist;31/12/2028;0,1;3,67;21/09/2026;2,43;;
30/09/2026;Invesco;Invesco BulletShares 2029 EUR Corporate Bond UCITS ETF Acc;IE000P5IB8I8;Corp;Acc;31/12/2029;0,1;3,84;21/09/2026;2,36;;
30/09/2026;Invesco;Invesco BulletShares 2029 EUR Corporate Bond UCITS ETF Dist;IE000ZC4C5Q1;Corp;Dist;31/12/2029;0,1;3,84;21/09/2026;2,36;;
30/09/2026;Invesco;Invesco BulletShares 2030 EUR Corporate Bond UCITS ETF Acc;IE000I25S1V5;Corp;Acc;31/12/2030;0,1;4,04;21/09/2026;2,84;;
30/09/2026;Invesco;Invesco BulletShares 2030 EUR Corporate Bond UCITS ETF Dist;IE000W6YTDH7;Corp;Dist;31/12/2030;0,1;4,04;21/09/2026;2,84;;
02/10/2026;iShares;iShares iBonds Dec 2026 Term € Corp UCITS ETF;IE000SIZJ2B2;Corp;Dist;31/12/2026;0,12;2,77;30/09/2026;0,65;;
02/10/2026;iShares;iShares iBonds Dec 2027 Term € Corp UCITS ETF;IE000ZOI8OK5;Corp;Acc;31/12/2027;0,12;3,28;30/09/2026;1,95;;
02/10/2026;iShares;iShares iBonds Dec 2028 Term € Corp UCITS ETF;IE000264WWY0;Corp;Dist;31/12/2028;0,12;3,72;30/09/2026;2,13;;
02/10/2026;iShares;iShares iBonds Dec 2029 Term € Corp UCITS ETF;IE000IHURBR0;Corp;Dist;31/12/2029;0,12;3,92;30/09/2026;2,52;;
02/10/2026;iShares;iShares iBonds Dec 2030 Term € Corp UCITS ETF;IE000LX17BP9;Corp;Dist;31/12/2030;0,12;4,11;30/09/2026;2,8;;
02/10/2026;iShares;iShares iBonds Dec 2031 Term € Corp UCITS ETF;IE000I2WYEU9;Corp;Dist;31/12/2031;0,12;4,28;30/09/2026;2,85;;
02/10/2026;iShares;iShares iBonds Dec 2032 Term € Corp UCITS ETF;IE0000MR4GH9;Corp;Dist;31/12/2032;0,12;4,34;30/09/2026;2,99;;
02/10/2026;iShares;iShares iBonds Dec 2033 Term € Corp UCITS ETF;IE000E0NL9T3;Corp;Dist;31/12/2033;0,12;4,46;30/09/2026;3,31;;
02/10/2026;iShares;iShares iBonds Dec 2034 Term € Corp UCITS ETF;IE000SBJO6L2;Corp;Dist;31/12/2034;0,12;4,53;30/09/2026;3,45;;
02/10/2026;iShares;iShares iBonds Dec 2035 Term € Corp UCITS ETF;IE000WLR06P0;Corp;Dist;31/12/2035;0,12;4,61;30/09/2026;3,64;;
02/10/2026;iShares;iShares iBonds Dec 2036 Term € Corp UCITS ETF;IE000RQJBQI6;Corp;Dist;31/12/2036;0,12;4,65;30/09/2026;3,55;;
02/10/2026;iShares;iShares iBonds Dec 2037 Term € Corp UCITS ETF;IE000PWSK6H1;Corp;Dist;31/12/2037;0,12;4,64;30/09/2026;3,51;;
02/10/2026;iShares;iShares iBonds Dec 2028 Term € Corp Crossover UCITS ETF;IE0003HV7CS6;Corp;Acc;31/12/2028;0,2;4,36;30/09/2026;3,4;;
02/10/2026;iShares;iShares iBonds Dec 2029 Term € Corp Crossover UCITS ETF;IE000BUSGFL9;Corp;Dist;31/12/2029;0,2;4,94;30/09/2026;3,91;;
02/10/2026;iShares;iShares iBonds Dec 2026 Term € Italy Govt Bond UCITS ETF;IE000LZ7BZW8;Govt;Dist;31/12/2026;0,12;2,7;30/09/2026;0,95;;
02/10/2026;iShares;iShares iBonds Dec 2028 Term € Italy Govt Bond UCITS ETF;IE000Q2EQ5K8;Govt;Dist;31/12/2028;0,12;3,45;30/09/2026;2,6;;
02/10/2026;BNP Paribas;BNP PARIBAS EASY ESG ENHANCED EUR CORP BOND DECEMBER 2029 UCITS ETF C;LU2823896811;Corp;Acc;31/12/2029;0,12;3,87;30/09/2026;2,37;;
02/10/2026;BNP Paribas;BNP PARIBAS EASY ESG ENHANCED EUR CORP BOND DECEMBER 2029 UCITS ETF D;LU2823896738;Corp;Dist;31/12/2029;0,12;3,87;30/09/2026;2,37;;
02/10/2026;BNP Paribas;BNP PARIBAS EASY ESG ENHANCED EUR CORP BOND DECEMBER 2032 UCITS ETF C;LU2823895847;Corp;Acc;31/12/2032;0,12;4,27;30/09/2026;2,71;;
02/10/2026;BNP Paribas;BNP PARIBAS EASY ESG ENHANCED EUR CORP BOND DECEMBER 2032 UCITS ETF D;LU2823895763;Corp;Dist;31/12/2032;0,12;4,27;30/09/2026;2,71;;
02/10/2026;Amundi;Amundi Fixed Maturity 2027 Italy BTP Government Bond UCITS ETF Dist;LU2780872128;Govt;Dist;31/12/2027;0,09;3,07;30/09/2026;2,65;;
02/10/2026;Amundi;Amundi Fixed Maturity 2027 German Bund Government Bond UCITS ETF Dist;LU2780871823;Govt;Dist;31/12/2027;0,09;2,93;30/09/2026;1,05;;
02/10/2026;Amundi;Amundi Fixed Maturity 2026 Euro Government Bond Broad UCITS ETF Acc;LU2872291278;Govt;Acc;31/12/2026;0,09;2,63;30/09/2026;0,23;;
02/10/2026;Amundi;Amundi Fixed Maturity 2027 Euro Government Bond Broad UCITS ETF Acc;LU2872291435;Govt;Acc;31/12/2027;0,09;3,0;30/09/2026;1,5;;
02/10/2026;Amundi;Amundi Fixed Maturity 2028 Euro Government Bond Broad UCITS ETF Dist;LU2780871401;Govt;Dist;31/12/2028;0,09;3,38;30/09/2026;1,84;;
02/10/2026;Amundi;Amundi Fixed Maturity 2028 Euro Government Bond Broad UCITS ETF Acc;LU2780871310;Govt;Acc;31/12/2028;0,09;3,38;30/09/2026;1,84;;
02/10/2026;Amundi;Amundi Fixed Maturity 2029 Euro Government Bond Broad UCITS ETF Acc;LU2872291781;Govt;Acc;31/12/2029;0,09;3,57;30/09/2026;2,08;;
02/10/2026;Amundi;Amundi Fixed Maturity 2028 Euro Government Bond Yield + UCITS ETF Dist;LU2780871666;Govt;Dist;31/12/2028;0,09;3,41;30/09/2026;2,3;;
02/10/2026;Amundi;Amundi Fixed Maturity 2030 Euro Government Bond Broad UCITS ETF Acc;LU3120976132;Govt;Acc;31/12/2030;0,09;3,66;30/09/2026;1,69;;
02/10/2026;DWS;Xtrackers II Rolling Target Maturity Sept 2027 EUR High Yield UCITS ETF 1C;LU1109941689;Corp;Acc;30/09/2027;0,3;4,77;30/09/2026;3,08;;
02/10/2026;DWS;Xtrackers II Rolling Target Maturity Sept 2027 EUR High Yield UCITS ETF 1D;LU1109939865;Corp;Dist;30/09/2027;0,3;4,77;30/09/2026;3,08;;
02/10/2026;DWS;Xtrackers II Target Maturity Sept 2029 EUR Corporate Bond UCITS ETF 1D;LU2673523309;Corp;Dist;30/09/2029;0,12;3,88;30/09/2026;2,45;;
02/10/2026;DWS;Xtrackers II Target Maturity Sept 2029 EUR Corporate Bond UCITS ETF 1C;LU2673522913;Corp;Acc;30/09/2029;0,12;3,88;30/09/2026;2,45;;
02/10/2026;DWS;Xtrackers II Target Maturity Sept 2031 EUR Corporate Bond UCITS ETF 1D;LU2673523481;Corp;Dist;30/09/2031;0,12;4,24;30/09/2026;2,87;;
02/10/2026;DWS;Xtrackers II Target Maturity Sept 2031 EUR Corporate Bond UCITS ETF 1C;LU2673523135;Corp;Acc;30/09/2031;0,12;4,24;30/09/2026;2,87;;
02/10/2026;DWS;Xtrackers II Target Maturity Sept 2033 EUR Corporate Bond UCITS ETF 1C;LU2673523051;Corp;Acc;30/09/2033;0,12;4,5;30/09/2026;3,39;;
02/10/2026;DWS;Xtrackers II Target Maturity Sept 2033 EUR Corporate Bond UCITS ETF 1D;LU2673523564;Corp;Dist;30/09/2033;0,12;4,5;30/09/2026;3,39;;
02/10/2026;DWS;Xtrackers II Target Maturity Sept 2027 EUR Corporate Bond UCITS ETF 1C;LU2673522830;Corp;Acc;30/09/2027;0,12;3,16;30/09/2026;1,88;;
02/10/2026;DWS;Xtrackers II Target Maturity Sept 2027 EUR Corporate Bond UCITS ETF 1D;LU2673523218;Corp;Dist;30/09/2027;0,12;3,16;30/09/2026;1,88;;
02/10/2026;DWS;Xtrackers II Target Maturity Sept 2028 EUR Corporate Bond UCITS ETF 1D;LU2810185665;Corp;Dist;30/09/2028;0,12;3,67;30/09/2026;2,07;;
02/10/2026;DWS;Xtrackers II Target Maturity Sept 2030 EUR Corporate Bond UCITS ETF 1D;LU2809864296;Corp;Dist;30/09/2030;0,12;4,1;30/09/2026;2,71;;
02/10/2026;DWS;Xtrackers II Target Maturity Sept 2032 EUR Corporate Bond UCITS ETF 1D;LU2809864452;Corp;Dist;30/09/2032;0,12;4,4;30/09/2026;2,82;;
02/10/2026;DWS;Xtrackers II Target Maturity Sept 2035 EUR Corporate Bond UCITS ETF 1D;LU3152892546;Corp;Dist;30/09/2035;0,12;4,63;30/09/2026;3,65;;
02/10/2026;DWS;Xtrackers II Target Maturity Sept 2034 EUR Corporate Bond UCITS ETF 1D;LU2809864619;Corp;Dist;30/09/2034;0,12;4,57;30/09/2026;3,47;;
02/10/2026;DWS;Xtrackers II Target Maturity Sept 2029 Italy and Spain Government Bond UCITS ETF 1C;LU0484969463;Govt;Acc;30/09/2029;0,12;3,52;30/09/2026;2,96;;
02/10/2026;DWS;Xtrackers II Target Maturity Sept 2036 EUR Corporate Bond UCITS ETF 1D;LU3152892629;Corp;Dist;30/09/2036;0,12;4,67;30/09/2026;3,76;;
02/10/2026;Invesco;Invesco BulletShares 2026 EUR Corporate Bond UCITS ETF Acc;IE0004QWOTD5;Corp;Acc;31/12/2026;0,1;2,94;29/09/2026;1,64;;
02/10/2026;Invesco;Invesco BulletShares 2026 EUR Corporate Bond UCITS ETF Dist;IE000AYJ75E5;Corp;Dist;31/12/2026;0,1;2,94;29/09/2026;1,31;;
02/10/2026;Invesco;Invesco BulletShares 2027 EUR Corporate Bond UCITS ETF Acc;IE000LGHLQ71;Corp;Acc;31/12/2027;0,1;3,31;29/09/2026;1,93;;
02/10/2026;Invesco;Invesco BulletShares 2027 EUR Corporate Bond UCITS ETF Dist;IE000XOS4OJ6;Corp;Dist;31/12/2027;0,1;3,31;29/09/2026;1,93;;
02/10/2026;Invesco;Invesco BulletShares 2028 EUR Corporate Bond UCITS ETF Acc;IE00079EUF59;Corp;Acc;31/12/2028;0,1;3,83;29/09/2026;2,42;;
02/10/2026;Invesco;Invesco BulletShares 2028 EUR Corporate Bond UCITS ETF Dist;IE000LKGEZQ6;Corp;Dist;31/12/2028;0,1;3,83;29/09/2026;2,42;;
02/10/2026;Invesco;Invesco BulletShares 2029 EUR Corporate Bond UCITS ETF Acc;IE000P5IB8I8;Corp;Acc;31/12/2029;0,1;3,98;29/09/2026;2,42;;
02/10/2026;Invesco;Invesco BulletShares 2029 EUR Corporate Bond UCITS ETF Dist;IE000ZC4C5Q1;Corp;Dist;31/12/2029;0,1;3,98;29/09/2026;2,42;;
02/10/2026;Invesco;Invesco BulletShares 2030 EUR Corporate Bond UCITS ETF Acc;IE000I25S1V5;Corp;Acc;31/12/2030;0,1;4,21;29/09/2026;2,87;;
02/10/2026;Invesco;Invesco BulletShares 2030 EUR Corporate Bond UCITS ETF Dist;IE000W6YTDH7;Corp;Dist;31/12/2030;0,1;4,21;29/09/2026;2,87;;
05/10/2026;iShares;iShares iBonds Dec 2026 Term € Corp UCITS ETF;IE000SIZJ2B2;Corp;Dist;31/12/2026;0,12;2,78;02/10/2026;0,61;;
05/10/2026;iShares;iShares iBonds Dec 2027 Term € Corp UCITS ETF;IE000ZOI8OK5;Corp;Acc;31/12/2027;0,12;3,32;02/10/2026;1,95;;
05/10/2026;iShares;iShares iBonds Dec 2028 Term € Corp UCITS ETF;IE000264WWY0;Corp;Dist;31/12/2028;0,12;3,71;02/10/2026;2,14;;
05/10/2026;iShares;iShares iBonds Dec 2029 Term € Corp UCITS ETF;IE000IHURBR0;Corp;Dist;31/12/2029;0,12;3,88;02/10/2026;2,51;;
05/10/2026;iShares;iShares iBonds Dec 2030 Term € Corp UCITS ETF;IE000LX17BP9;Corp;Dist;31/12/2030;0,12;4,07;02/10/2026;2,79;;
05/10/2026;iShares;iShares iBonds Dec 2031 Term € Corp UCITS ETF;IE000I2WYEU9;Corp;Dist;31/12/2031;0,12;4,24;02/10/2026;2,84;;
05/10/2026;iShares;iShares iBonds Dec 2032 Term € Corp UCITS ETF;IE0000MR4GH9;Corp;Dist;31/12/2032;0,12;4,3;02/10/2026;2,99;;
05/10/2026;iShares;iShares iBonds Dec 2033 Term € Corp UCITS ETF;IE000E0NL9T3;Corp;Dist;31/12/2033;0,12;4,43;02/10/2026;3,32;;
05/10/2026;iShares;iShares iBonds Dec 2034 Term € Corp UCITS ETF;IE000SBJO6L2;Corp;Dist;31/12/2034;0,12;4,5;02/10/2026;3,47;;
05/10/2026;iShares;iShares iBonds Dec 2035 Term € Corp UCITS ETF;IE000WLR06P0;Corp;Dist;31/12/2035;0,12;4,58;02/10/2026;3,63;;
05/10/2026;iShares;iShares iBonds Dec 2036 Term € Corp UCITS ETF;IE000RQJBQI6;Corp;Dist;31/12/2036;0,12;4,62;02/10/2026;3,54;;
05/10/2026;iShares;iShares iBonds Dec 2037 Term € Corp UCITS ETF;IE000PWSK6H1;Corp;Dist;31/12/2037;0,12;4,59;02/10/2026;3,49;;
05/10/2026;iShares;iShares iBonds Dec 2028 Term € Corp Crossover UCITS ETF;IE0003HV7CS6;Corp;Acc;31/12/2028;0,2;4,45;02/10/2026;3,36;;
05/10/2026;iShares;iShares iBonds Dec 2029 Term € Corp Crossover UCITS ETF;IE000BUSGFL9;Corp;Dist;31/12/2029;0,2;5,02;02/10/2026;3,89;;
05/10/2026;iShares;iShares iBonds Dec 2026 Term € Italy Govt Bond UCITS ETF;IE000LZ7BZW8;Govt;Dist;31/12/2026;0,12;2,7;02/10/2026;0,88;;
05/10/2026;iShares;iShares iBonds Dec 2028 Term € Italy Govt Bond UCITS ETF;IE000Q2EQ5K8;Govt;Dist;31/12/2028;0,12;3,47;02/10/2026;2,6;;
05/10/2026;BNP Paribas;BNP PARIBAS EASY ESG ENHANCED EUR CORP BOND DECEMBER 2029 UCITS ETF C;LU2823896811;Corp;Acc;31/12/2029;0,12;3,83;02/10/2026;2,35;;
05/10/2026;BNP Paribas;BNP PARIBAS EASY ESG ENHANCED EUR CORP BOND DECEMBER 2029 UCITS ETF D;LU2823896738;Corp;Dist;31/12/2029;0,12;3,83;02/10/2026;2,35;;
05/10/2026;BNP Paribas;BNP PARIBAS EASY ESG ENHANCED EUR CORP BOND DECEMBER 2032 UCITS ETF C;LU2823895847;Corp;Acc;31/12/2032;0,12;4,24;02/10/2026;2,69;;
05/10/2026;BNP Paribas;BNP PARIBAS EASY ESG ENHANCED EUR CORP BOND DECEMBER 2032 UCITS ETF D;LU2823895763;Corp;Dist;31/12/2032;0,12;4,24;02/10/2026;2,69;;
05/10/2026;Amundi;Amundi Fixed Maturity 2027 Italy BTP Government Bond UCITS ETF Dist;LU2780872128;Govt;Dist;31/12/2027;0,09;3,07;30/09/2026;2,65;;
05/10/2026;Amundi;Amundi Fixed Maturity 2027 German Bund Government Bond UCITS ETF Dist;LU2780871823;Govt;Dist;31/12/2027;0,09;2,93;30/09/2026;1,05;;
05/10/2026;Amundi;Amundi Fixed Maturity 2026 Euro Government Bond Broad UCITS ETF Acc;LU2872291278;Govt;Acc;31/12/2026;0,09;2,63;30/09/2026;0,23;;
05/10/2026;Amundi;Amundi Fixed Maturity 2027 Euro Government Bond Broad UCITS ETF Acc;LU2872291435;Govt;Acc;31/12/2027;0,09;3,0;30/09/2026;1,5;;
05/10/2026;Amundi;Amundi Fixed Maturity 2028 Euro Government Bond Broad UCITS ETF Dist;LU2780871401;Govt;Dist;31/12/2028;0,09;3,38;30/09/2026;1,84;;
05/10/2026;Amundi;Amundi Fixed Maturity 2028 Euro Government Bond Broad UCITS ETF Acc;LU2780871310;Govt;Acc;31/12/2028;0,09;3,38;30/09/2026;1,84;;
05/10/2026;Amundi;Amundi Fixed Maturity 2029 Euro Government Bond Broad UCITS ETF Acc;LU2872291781;Govt;Acc;31/12/2029;0,09;3,57;30/09/2026;2,08;;
05/10/2026;Amundi;Amundi Fixed Maturity 2028 Euro Government Bond Yield + UCITS ETF Dist;LU2780871666;Govt;Dist;31/12/2028;0,09;3,41;30/09/2026;2,3;;
05/10/2026;Amundi;Amundi Fixed Maturity 2030 Euro Government Bond Broad UCITS ETF Acc;LU3120976132;Govt;Acc;31/12/2030;0,09;3,66;30/09/2026;1,69;;
05/10/2026;DWS;Xtrackers II Rolling Target Maturity Sept 2027 EUR High Yield UCITS ETF 1C;LU1109941689;Corp;Acc;30/09/2027;0,3;2,57;02/10/2026;2,46;;
05/10/2026;DWS;Xtrackers II Rolling Target Maturity Sept 2027 EUR High Yield UCITS ETF 1D;LU1109939865;Corp;Dist;30/09/2027;0,3;2,57;02/10/2026;2,46;;
05/10/2026;DWS;Xtrackers II Target Maturity Sept 2029 EUR Corporate Bond UCITS ETF 1D;LU2673523309;Corp;Dist;30/09/2029;0,12;2,53;02/10/2026;2,44;;
05/10/2026;DWS;Xtrackers II Target Maturity Sept 2029 EUR Corporate Bond UCITS ETF 1C;LU2673522913;Corp;Acc;30/09/2029;0,12;2,53;02/10/2026;2,44;;
05/10/2026;DWS;Xtrackers II Target Maturity Sept 2031 EUR Corporate Bond UCITS ETF 1D;LU2673523481;Corp;Dist;30/09/2031;0,12;2,5;02/10/2026;2,44;;
05/10/2026;DWS;Xtrackers II Target Maturity Sept 2031 EUR Corporate Bond UCITS ETF 1C;LU2673523135;Corp;Acc;30/09/2031;0,12;2,5;02/10/2026;2,44;;
05/10/2026;DWS;Xtrackers II Target Maturity Sept 2033 EUR Corporate Bond UCITS ETF 1C;LU2673523051;Corp;Acc;30/09/2033;0,12;2,51;02/10/2026;2,44;;
05/10/2026;DWS;Xtrackers II Target Maturity Sept 2033 EUR Corporate Bond UCITS ETF 1D;LU2673523564;Corp;Dist;30/09/2033;0,12;2,51;02/10/2026;2,44;;
05/10/2026;DWS;Xtrackers II Target Maturity Sept 2027 EUR Corporate Bond UCITS ETF 1C;LU2673522830;Corp;Acc;30/09/2027;0,12;2,57;02/10/2026;2,44;;
05/10/2026;DWS;Xtrackers II Target Maturity Sept 2027 EUR Corporate Bond UCITS ETF 1D;LU2673523218;Corp;Dist;30/09/2027;0,12;2,57;02/10/2026;2,44;;
05/10/2026;DWS;Xtrackers II Target Maturity Sept 2028 EUR Corporate Bond UCITS ETF 1D;LU2810185665;Corp;Dist;30/09/2028;0,12;3,62;01/10/2026;2,07;;
05/10/2026;DWS;Xtrackers II Target Maturity Sept 2030 EUR Corporate Bond UCITS ETF 1D;LU2809864296;Corp;Dist;30/09/2030;0,12;4,04;01/10/2026;2,71;;
05/10/2026;DWS;Xtrackers II Target Maturity Sept 2032 EUR Corporate Bond UCITS ETF 1D;LU2809864452;Corp;Dist;30/09/2032;0,12;4,37;01/10/2026;2,82;;
05/10/2026;DWS;Xtrackers II Target Maturity Sept 2035 EUR Corporate Bond UCITS ETF 1D;LU3152892546;Corp;Dist;30/09/2035;0,12;2,55;02/10/2026;2,44;;
05/10/2026;DWS;Xtrackers II Target Maturity Sept 2034 EUR Corporate Bond UCITS ETF 1D;LU2809864619;Corp;Dist;30/09/2034;0,12;4,55;01/10/2026;3,47;;
05/10/2026;DWS;Xtrackers II Target Maturity Sept 2029 Italy and Spain Government Bond UCITS ETF 1C;LU0484969463;Govt;Acc;30/09/2029;0,12;2,58;02/10/2026;4,77;;
05/10/2026;DWS;Xtrackers II Target Maturity Sept 2036 EUR Corporate Bond UCITS ETF 1D;LU3152892629;Corp;Dist;30/09/2036;0,12;4,67;01/10/2026;3,76;;
05/10/2026;Invesco;Invesco BulletShares 2026 EUR Corporate Bond UCITS ETF Acc;IE0004QWOTD5;Corp;Acc;31/12/2026;0,1;2,94;29/09/2026;1,31;;
05/10/2026;Invesco;Invesco BulletShares 2026 EUR Corporate Bond UCITS ETF Dist;IE000AYJ75E5;Corp;Dist;31/12/2026;0,1;2,94;29/09/2026;1,31;;
05/10/2026;Invesco;Invesco BulletShares 2027 EUR Corporate Bond UCITS ETF Acc;IE000LGHLQ71;Corp;Acc;31/12/2027;0,1;3,31;29/09/2026;1,93;;
05/10/2026;Invesco;Invesco BulletShares 2027 EUR Corporate Bond UCITS ETF Dist;IE000XOS4OJ6;Corp;Dist;31/12/2027;0,1;3,31;29/09/2026;1,93;;
05/10/2026;Invesco;Invesco BulletShares 2028 EUR Corporate Bond UCITS ETF Acc;IE00079EUF59;Corp;Acc;31/12/2028;0,1;3,83;29/09/2026;2,42;;
05/10/2026;Invesco;Invesco BulletShares 2028 EUR Corporate Bond UCITS ETF Dist;IE000LKGEZQ6;Corp;Dist;31/12/2028;0,1;3,83;29/09/2026;2,42;;
05/10/2026;Invesco;Invesco BulletShares 2029 EUR Corporate Bond UCITS ETF Acc;IE000P5IB8I8;Corp;Acc;31/12/2029;0,1;3,98;29/09/2026;2,42;;
05/10/2026;Invesco;Invesco BulletShares 2029 EUR Corporate Bond UCITS ETF Dist;IE000ZC4C5Q1;Corp;Dist;31/12/2029;0,1;3,98;29/09/2026;2,42;;
05/10/2026;Invesco;Invesco BulletShares 2030 EUR Corporate Bond UCITS ETF Acc;IE000I25S1V5;Corp;Acc;31/12/2030;0,1;4,21;29/09/2026;2,87;;
05/10/2026;Invesco;Invesco BulletShares 2030 EUR Corporate Bond UCITS ETF Dist;IE000W6YTDH7;Corp;Dist;31/12/2030;0,1;4,21;29/09/2026;2,87;;
06/10/2026;iShares;iShares iBonds Dec 2026 Term € Corp UCITS ETF;IE000SIZJ2B2;Corp;Dist;31/12/2026;0,12;2,78;02/10/2026;0,61;5,05;02/10/2026
06/10/2026;iShares;iShares iBonds Dec 2027 Term € Corp UCITS ETF;IE000ZOI8OK5;Corp;Acc;31/12/2027;0,12;3,32;02/10/2026;1,95;5,65;02/10/2026
06/10/2026;iShares;iShares iBonds Dec 2028 Term € Corp UCITS ETF;IE000264WWY0;Corp;Dist;31/12/2028;0,12;3,71;02/10/2026;2,14;5,1;02/10/2026
06/10/2026;iShares;iShares iBonds Dec 2029 Term € Corp UCITS ETF;IE000IHURBR0;Corp;Dist;31/12/2029;0,12;3,88;02/10/2026;2,51;5,03;02/10/2026
06/10/2026;iShares;iShares iBonds Dec 2030 Term € Corp UCITS ETF;IE000LX17BP9;Corp;Dist;31/12/2030;0,12;4,07;02/10/2026;2,79;4,98;02/10/2026
06/10/2026;iShares;iShares iBonds Dec 2031 Term € Corp UCITS ETF;IE000I2WYEU9;Corp;Dist;31/12/2031;0,12;4,24;02/10/2026;2,84;4,87;02/10/2026
06/10/2026;iShares;iShares iBonds Dec 2032 Term € Corp UCITS ETF;IE0000MR4GH9;Corp;Dist;31/12/2032;0,12;4,3;02/10/2026;2,99;4,81;02/10/2026
06/10/2026;iShares;iShares iBonds Dec 2033 Term € Corp UCITS ETF;IE000E0NL9T3;Corp;Dist;31/12/2033;0,12;4,43;02/10/2026;3,32;4,76;02/10/2026
06/10/2026;iShares;iShares iBonds Dec 2034 Term € Corp UCITS ETF;IE000SBJO6L2;Corp;Dist;31/12/2034;0,12;4,5;02/10/2026;3,47;4,72;05/10/2026
06/10/2026;iShares;iShares iBonds Dec 2035 Term € Corp UCITS ETF;IE000WLR06P0;Corp;Dist;31/12/2035;0,12;4,58;02/10/2026;3,63;4,71;02/10/2026
06/10/2026;iShares;iShares iBonds Dec 2036 Term € Corp UCITS ETF;IE000RQJBQI6;Corp;Dist;31/12/2036;0,12;4,62;02/10/2026;3,54;4,79;02/10/2026
06/10/2026;iShares;iShares iBonds Dec 2037 Term € Corp UCITS ETF;IE000PWSK6H1;Corp;Dist;31/12/2037;0,12;4,59;02/10/2026;3,49;4,79;02/10/2026
06/10/2026;iShares;iShares iBonds Dec 2028 Term € Corp Crossover UCITS ETF;IE0003HV7CS6;Corp;Acc;31/12/2028;0,2;4,45;02/10/2026;3,36;5,09;02/10/2026
06/10/2026;iShares;iShares iBonds Dec 2029 Term € Corp Crossover UCITS ETF;IE000BUSGFL9;Corp;Dist;31/12/2029;0,2;5,02;02/10/2026;3,89;4,88;02/10/2026
06/10/2026;iShares;iShares iBonds Dec 2026 Term € Italy Govt Bond UCITS ETF;IE000LZ7BZW8;Govt;Dist;31/12/2026;0,12;2,7;02/10/2026;0,88;5,06;02/10/2026
06/10/2026;iShares;iShares iBonds Dec 2028 Term € Italy Govt Bond UCITS ETF;IE000Q2EQ5K8;Govt;Dist;31/12/2028;0,12;3,47;02/10/2026;2,6;5,05;02/10/2026
06/10/2026;BNP Paribas;BNP PARIBAS EASY ESG ENHANCED EUR CORP BOND DECEMBER 2029 UCITS ETF C;LU2823896811;Corp;Acc;31/12/2029;0,12;3,83;02/10/2026;2,35;10,655;02/10/2026
06/10/2026;BNP Paribas;BNP PARIBAS EASY ESG ENHANCED EUR CORP BOND DECEMBER 2029 UCITS ETF D;LU2823896738;Corp;Dist;31/12/2029;0,12;3,83;02/10/2026;2,35;10,2938;02/10/2026
06/10/2026;BNP Paribas;BNP PARIBAS EASY ESG ENHANCED EUR CORP BOND DECEMBER 2032 UCITS ETF C;LU2823895847;Corp;Acc;31/12/2032;0,12;4,24;02/10/2026;2,69;10,4073;02/10/2026
06/10/2026;BNP Paribas;BNP PARIBAS EASY ESG ENHANCED EUR CORP BOND DECEMBER 2032 UCITS ETF D;LU2823895763;Corp;Dist;31/12/2032;0,12;4,24;02/10/2026;2,69;10,0222;02/10/2026
06/10/2026;Amundi;Amundi Fixed Maturity 2027 Italy BTP Government Bond UCITS ETF Dist;LU2780872128;Govt;Dist;31/12/2027;0,09;3,05;01/10/2026;2,65;10,3289;05/10/2026
06/10/2026;Amundi;Amundi Fixed Maturity 2027 German Bund Government Bond UCITS ETF Dist;LU2780871823;Govt;Dist;31/12/2027;0,09;2,92;01/10/2026;1,05;10,3443;05/10/2026
06/10/2026;Amundi;Amundi Fixed Maturity 2026 Euro Government Bond Broad UCITS ETF Acc;LU2872291278;Govt;Acc;31/12/2026;0,09;2,93;01/10/2026;0,23;10,2535;05/10/2026
06/10/2026;Amundi;Amundi Fixed Maturity 2027 Euro Government Bond Broad UCITS ETF Acc;LU2872291435;Govt;Acc;31/12/2027;0,09;2,99;01/10/2026;1,5;10,1703;05/10/2026
06/10/2026;Amundi;Amundi Fixed Maturity 2028 Euro Government Bond Broad UCITS ETF Dist;LU2780871401;Govt;Dist;31/12/2028;0,09;3,34;01/10/2026;1,84;10,2711;05/10/2026
06/10/2026;Amundi;Amundi Fixed Maturity 2028 Euro Government Bond Broad UCITS ETF Acc;LU2780871310;Govt;Acc;31/12/2028;0,09;3,34;01/10/2026;1,84;10,0706;05/10/2026
06/10/2026;Amundi;Amundi Fixed Maturity 2029 Euro Government Bond Broad UCITS ETF Acc;LU2872291781;Govt;Acc;31/12/2029;0,09;3,53;01/10/2026;2,08;9,9768;05/10/2026
06/10/2026;Amundi;Amundi Fixed Maturity 2028 Euro Government Bond Yield + UCITS ETF Dist;LU2780871666;Govt;Dist;31/12/2028;0,09;3,37;01/10/2026;2,3;10,2802;05/10/2026
06/10/2026;Amundi;Amundi Fixed Maturity 2030 Euro Government Bond Broad UCITS ETF Acc;LU3120976132;Govt;Acc;31/12/2030;0,09;3,62;01/10/2026;1,69;9,8202;05/10/2026
06/10/2026;DWS;Xtrackers II Rolling Target Maturity Sept 2027 EUR High Yield UCITS ETF 1C;LU1109941689;Corp;Acc;30/09/2027;0,3;5,05;02/10/2026;2,74;9,12;02/10/2026
06/10/2026;DWS;Xtrackers II Rolling Target Maturity Sept 2027 EUR High Yield UCITS ETF 1D;LU1109939865;Corp;Dist;30/09/2027;0,3;5,05;02/10/2026;2,74;8,5;02/10/2026
06/10/2026;DWS;Xtrackers II Target Maturity Sept 2029 EUR Corporate Bond UCITS ETF 1D;LU2673523309;Corp;Dist;30/09/2029;0,12;3,85;02/10/2026;2,45;25,77;02/10/2026
06/10/2026;DWS;Xtrackers II Target Maturity Sept 2029 EUR Corporate Bond UCITS ETF 1C;LU2673522913;Corp;Acc;30/09/2029;0,12;3,85;02/10/2026;2,45;9,16;02/10/2026
06/10/2026;DWS;Xtrackers II Target Maturity Sept 2031 EUR Corporate Bond UCITS ETF 1D;LU2673523481;Corp;Dist;30/09/2031;0,12;4,2;02/10/2026;2,87;29,25;02/10/2026
06/10/2026;DWS;Xtrackers II Target Maturity Sept 2031 EUR Corporate Bond UCITS ETF 1C;LU2673523135;Corp;Acc;30/09/2031;0,12;4,2;02/10/2026;2,87;9,77;02/10/2026
06/10/2026;DWS;Xtrackers II Target Maturity Sept 2033 EUR Corporate Bond UCITS ETF 1C;LU2673523051;Corp;Acc;30/09/2033;0,12;4,47;02/10/2026;3,4;9,28;02/10/2026
06/10/2026;DWS;Xtrackers II Target Maturity Sept 2033 EUR Corporate Bond UCITS ETF 1D;LU2673523564;Corp;Dist;30/09/2033;0,12;4,47;02/10/2026;3,4;27,81;02/10/2026
06/10/2026;DWS;Xtrackers II Target Maturity Sept 2027 EUR Corporate Bond UCITS ETF 1D;LU2673523218;Corp;Dist;30/09/2027;0,12;3,2;02/10/2026;1,86;25,94;02/10/2026
06/10/2026;DWS;Xtrackers II Target Maturity Sept 2027 EUR Corporate Bond UCITS ETF 1C;LU2673522830;Corp;Acc;30/09/2027;0,12;3,2;02/10/2026;1,86;9,3;02/10/2026
06/10/2026;DWS;Xtrackers II Target Maturity Sept 2028 EUR Corporate Bond UCITS ETF 1D;LU2810185665;Corp;Dist;30/09/2028;0,12;3,66;02/10/2026;2,07;35,75;02/10/2026
06/10/2026;DWS;Xtrackers II Target Maturity Sept 2030 EUR Corporate Bond UCITS ETF 1D;LU2809864296;Corp;Dist;30/09/2030;0,12;4,06;02/10/2026;2,71;35,2;02/10/2026
06/10/2026;DWS;Xtrackers II Target Maturity Sept 2032 EUR Corporate Bond UCITS ETF 1D;LU2809864452;Corp;Dist;30/09/2032;0,12;4,38;02/10/2026;2,82;34,2;02/10/2026
06/10/2026;DWS;Xtrackers II Target Maturity Sept 2035 EUR Corporate Bond UCITS ETF 1D;LU3152892546;Corp;Dist;30/09/2035;0,12;4,61;02/10/2026;3,65;29,04;02/10/2026
06/10/2026;DWS;Xtrackers II Target Maturity Sept 2034 EUR Corporate Bond UCITS ETF 1D;LU2809864619;Corp;Dist;30/09/2034;0,12;4,55;02/10/2026;3,47;33,42;02/10/2026
06/10/2026;DWS;Xtrackers II Target Maturity Sept 2029 Italy and Spain Government Bond UCITS ETF 1C;LU0484969463;Govt;Acc;30/09/2029;0,12;3,47;02/10/2026;2,97;204,21;02/10/2026
06/10/2026;DWS;Xtrackers II Target Maturity Sept 2036 EUR Corporate Bond UCITS ETF 1D;LU3152892629;Corp;Dist;30/09/2036;0,12;4,65;02/10/2026;3,76;28,21;02/10/2026
06/10/2026;Invesco;Invesco BulletShares 2026 EUR Corporate Bond UCITS ETF Acc;IE0004QWOTD5;Corp;Acc;31/12/2026;0,1;2,94;29/09/2026;1,31;5,7887;05/10/2026
06/10/2026;Invesco;Invesco BulletShares 2026 EUR Corporate Bond UCITS ETF Dist;IE000AYJ75E5;Corp;Dist;31/12/2026;0,1;2,94;29/09/2026;1,31;5,4127;05/10/2026
06/10/2026;Invesco;Invesco BulletShares 2027 EUR Corporate Bond UCITS ETF Acc;IE000LGHLQ71;Corp;Acc;31/12/2027;0,1;3,31;29/09/2026;1,93;5,7041;05/10/2026
06/10/2026;Invesco;Invesco BulletShares 2027 EUR Corporate Bond UCITS ETF Dist;IE000XOS4OJ6;Corp;Dist;31/12/2027;0,1;3,31;29/09/2026;1,93;5,332;05/10/2026
06/10/2026;Invesco;Invesco BulletShares 2028 EUR Corporate Bond UCITS ETF Acc;IE00079EUF59;Corp;Acc;31/12/2028;0,1;3,83;29/09/2026;2,42;5,5679;05/10/2026
06/10/2026;Invesco;Invesco BulletShares 2028 EUR Corporate Bond UCITS ETF Dist;IE000LKGEZQ6;Corp;Dist;31/12/2028;0,1;3,83;29/09/2026;2,42;5,2074;05/10/2026
06/10/2026;Invesco;Invesco BulletShares 2029 EUR Corporate Bond UCITS ETF Acc;IE000P5IB8I8;Corp;Acc;31/12/2029;0,1;3,98;29/09/2026;2,42;5,4204;05/10/2026
06/10/2026;Invesco;Invesco BulletShares 2029 EUR Corporate Bond UCITS ETF Dist;IE000ZC4C5Q1;Corp;Dist;31/12/2029;0,1;3,98;29/09/2026;2,42;5,0508;05/10/2026
06/10/2026;Invesco;Invesco BulletShares 2030 EUR Corporate Bond UCITS ETF Acc;IE000I25S1V5;Corp;Acc;31/12/2030;0,1;4,21;29/09/2026;2,87;5,34;05/10/2026
06/10/2026;Invesco;Invesco BulletShares 2030 EUR Corporate Bond UCITS ETF Dist;IE000W6YTDH7;Corp;Dist;31/12/2030;0,1;4,21;29/09/2026;2,87;4,9741;05/10/2026
